"Origem","Destino"
"C:\Users\Eudes\Downloads\Monitoramento-Trade-Curto-BTC.xlsx","C:\Users\Eudes\Downloads\Planilhas\Monitoramento-Trade-Curto-BTC.xlsx"
"C:\Users\Eudes\Downloads\WhatsApp Image 2026-07-16 at 21.54.32.jpeg","C:\Users\Eudes\Downloads\Imagens\WhatsApp Image 2026-07-16 at 21.54.32.jpeg"
"C:\Users\Eudes\Downloads\WhatsApp Image 2026-07-16 at 21.55.51.jpeg","C:\Users\Eudes\Downloads\Imagens\WhatsApp Image 2026-07-16 at 21.55.51.jpeg"
"C:\Users\Eudes\Downloads\WhatsApp Image 2026-07-16 at 21.55.52.jpeg","C:\Users\Eudes\Downloads\Imagens\WhatsApp Image 2026-07-16 at 21.55.52.jpeg"
"C:\Users\Eudes\Downloads\WhatsApp Image 2026-07-18 at 20.12.47.jpeg","C:\Users\Eudes\Downloads\Imagens\WhatsApp Image 2026-07-18 at 20.12.47.jpeg"
"C:\Users\Eudes\Downloads\WhatsApp Image 2026-07-18 at 21.12.55.jpeg","C:\Users\Eudes\Downloads\Imagens\WhatsApp Image 2026-07-18 at 21.12.55.jpeg"
"C:\Users\Eudes\Downloads\WhatsApp Image 2026-08-01 at 00.02.11.jpeg","C:\Users\Eudes\Downloads\Imagens\WhatsApp Image 2026-08-01 at 00.02.11.jpeg"
"C:\Users\Eudes\Downloads\WhatsApp Image 2026-08-01 at 00.06.01.jpeg","C:\Users\Eudes\Downloads\Imagens\WhatsApp Image 2026-08-01 at 00.06.01.jpeg"
"C:\Users\Eudes\Downloads\WhatsApp Image 2026-08-01 at 00.07.30.jpeg","C:\Users\Eudes\Downloads\Imagens\WhatsApp Image 2026-08-01 at 00.07.30.jpeg"
"C:\Users\Eudes\Downloads\WhatsApp Image 2026-08-01 at 00.08.19.jpeg","C:\Users\Eudes\Downloads\Imagens\WhatsApp Image 2026-08-01 at 00.08.19.jpeg"
"C:\Users\Eudes\Downloads\WhatsApp Image 2026-08-01 at 00.08.44.jpeg","C:\Users\Eudes\Downloads\Imagens\WhatsApp Image 2026-08-01 at 00.08.44.jpeg"
"C:\Users\Eudes\Downloads\WhatsApp Image 2026-08-01 at 00.25.59.jpeg","C:\Users\Eudes\Downloads\Imagens\WhatsApp Image 2026-08-01 at 00.25.59.jpeg"
"C:\Users\Eudes\Downloads\WhatsApp Image 2026-08-01 at 00.34.53.jpeg","C:\Users\Eudes\Downloads\Imagens\WhatsApp Image 2026-08-01 at 00.34.53.jpeg"
"C:\Users\Eudes\Downloads\WhatsApp Image 2026-08-01 at 10.43.05.jpeg","C:\Users\Eudes\Downloads\Imagens\WhatsApp Image 2026-08-01 at 10.43.05.jpeg"
"C:\Users\Eudes\Downloads\WhatsApp Image 2026-08-01 at 10.43.06 (1).jpeg","C:\Users\Eudes\Downloads\Imagens\WhatsApp Image 2026-08-01 at 10.43.06 (1).jpeg"
"C:\Users\Eudes\Downloads\WhatsApp Image 2026-08-01 at 10.43.06 (2).jpeg","C:\Users\Eudes\Downloads\Imagens\WhatsApp Image 2026-08-01 at 10.43.06 (2).jpeg"
"C:\Users\Eudes\Downloads\WhatsApp Image 2026-08-01 at 10.43.06.jpeg","C:\Users\Eudes\Downloads\Imagens\WhatsApp Image 2026-08-01 at 10.43.06.jpeg"
"C:\Users\Eudes\Downloads\WhatsApp Image 2026-08-01 at 10.43.07.jpeg","C:\Users\Eudes\Downloads\Imagens\WhatsApp Image 2026-08-01 at 10.43.07.jpeg"
"C:\Users\Eudes\Downloads\WhatsApp Image 2026-08-08 at 23.13.54.jpeg","C:\Users\Eudes\Downloads\Imagens\WhatsApp Image 2026-08-08 at 23.13.54.jpeg"
"C:\Users\Eudes\Downloads\WhatsApp Image 2026-08-09 at 22.05.55 (1).jpeg","C:\Users\Eudes\Downloads\Imagens\WhatsApp Image 2026-08-09 at 22.05.55 (1).jpeg"
"C:\Users\Eudes\Downloads\WhatsApp Image 2026-08-09 at 22.05.55.jpeg","C:\Users\Eudes\Downloads\Imagens\WhatsApp Image 2026-08-09 at 22.05.55.jpeg"
"C:\Users\Eudes\Downloads\WhatsApp Image 2026-08-09 at 22.05.56 (1).jpeg","C:\Users\Eudes\Downloads\Imagens\WhatsApp Image 2026-08-09 at 22.05.56 (1).jpeg"
"C:\Users\Eudes\Downloads\WhatsApp Image 2026-08-09 at 22.05.56 (2).jpeg","C:\Users\Eudes\Downloads\Imagens\WhatsApp Image 2026-08-09 at 22.05.56 (2).jpeg"
"C:\Users\Eudes\Downloads\WhatsApp Image 2026-08-09 at 22.05.56.jpeg","C:\Users\Eudes\Downloads\Imagens\WhatsApp Image 2026-08-09 at 22.05.56.jpeg"
"C:\Users\Eudes\Downloads\WhatsApp Image 2026-09-06 at 12.12.40.jpeg","C:\Users\Eudes\Downloads\Imagens\WhatsApp Image 2026-09-06 at 12.12.40.jpeg"
"C:\Users\Eudes\Downloads\WhatsApp Image 2026-09-06 at 12.12.41 (1).jpeg","C:\Users\Eudes\Downloads\Imagens\WhatsApp Image 2026-09-06 at 12.12.41 (1).jpeg"
"C:\Users\Eudes\Downloads\WhatsApp Image 2026-09-06 at 12.12.41.jpeg","C:\Users\Eudes\Downloads\Imagens\WhatsApp Image 2026-09-06 at 12.12.41.jpeg"
"C:\Users\Eudes\Downloads\WhatsApp Ptt 2021-07-18 at 20.50.13.ogg","C:\Users\Eudes\Downloads\Áudios\WhatsApp Ptt 2021-07-18 at 20.50.13.ogg"
"C:\Users\Eudes\Downloads\WhatsApp Ptt 2021-12-20 at 12.31.28.ogg.docx","C:\Users\Eudes\Downloads\Documentos\WhatsApp Ptt 2021-12-20 at 12.31.28.ogg.docx"
"C:\Users\Eudes\Downloads\WhatsApp Unknown 2022-01-30 at 15.18.13.zip","C:\Users\Eudes\Downloads\Compactados\WhatsApp Unknown 2022-01-30 at 15.18.13.zip"
"C:\Users\Eudes\Downloads\WhatsApp Unknown 2022-01-30 at 15.18.18.zip","C:\Users\Eudes\Downloads\Compactados\WhatsApp Unknown 2022-01-30 at 15.18.18.zip"
"C:\Users\Eudes\Downloads\WhatsApp Unknown 2025-06-04 at 00.10.37.zip","C:\Users\Eudes\Downloads\Compactados\WhatsApp Unknown 2025-06-04 at 00.10.37.zip"
"C:\Users\Eudes\Downloads\WhatsApp Unknown 2026-06-17 at 15.29.21.zip","C:\Users\Eudes\Downloads\Compactados\WhatsApp Unknown 2026-06-17 at 15.29.21.zip"
"C:\Users\Eudes\Downloads\WhatsApp Unknown 2026-09-06 at 12.12.51.zip","C:\Users\Eudes\Downloads\Compactados\WhatsApp Unknown 2026-09-06 at 12.12.51.zip"
"C:\Users\Eudes\Downloads\WhatsApp Video 2023-10-17 at 21.56.30.mp4","C:\Users\Eudes\Downloads\Vídeos\WhatsApp Video 2023-10-17 at 21.56.30.mp4"
"C:\Users\Eudes\Downloads\WhatsAppSetup.exe","C:\Users\Eudes\Downloads\Instaladores\WhatsAppSetup.exe"
"C:\Users\Eudes\Downloads\willian-justen-de-vasconcellos-rTcLicFgyyY-unsplash.jpg","C:\Users\Eudes\Downloads\Imagens\willian-justen-de-vasconcellos-rTcLicFgyyY-unsplash.jpg"
"C:\Users\Eudes\Downloads\Word.pdf","C:\Users\Eudes\Downloads\PDFs\Word.pdf"
"C:\Users\Eudes\Downloads\wordcloud (3).png","C:\Users\Eudes\Downloads\Imagens\wordcloud (3).png"
"C:\Users\Eudes\Downloads\wordcloud.png","C:\Users\Eudes\Downloads\Imagens\wordcloud.png"
"C:\Users\Eudes\Downloads\WORKSHOP - SLIDES... COMO FAZER_-20221008T172236Z-001.zip","C:\Users\Eudes\Downloads\Compactados\WORKSHOP - SLIDES... COMO FAZER_-20221008T172236Z-001.zip"
"C:\Users\Eudes\Downloads\Writing History Thesis Blue variant by Slidesgo.pptx","C:\Users\Eudes\Downloads\Apresentações\Writing History Thesis Blue variant by Slidesgo.pptx"
"C:\Users\Eudes\Downloads\XP Day Trade 2020.pdf","C:\Users\Eudes\Downloads\PDFs\XP Day Trade 2020.pdf"
"C:\Users\Eudes\Downloads\XP Informe de Rendimentos 2020.pdf","C:\Users\Eudes\Downloads\PDFs\XP Informe de Rendimentos 2020.pdf"
"C:\Users\Eudes\Downloads\XP Informe de Rendimentos 2023.pdf","C:\Users\Eudes\Downloads\PDFs\XP Informe de Rendimentos 2023.pdf"
"C:\Users\Eudes\Downloads\XP Operações Normais 2019 (1).pdf","C:\Users\Eudes\Downloads\PDFs\XP Operações Normais 2019 (1).pdf"
"C:\Users\Eudes\Downloads\Zepp20211023175223.gpx","C:\Users\Eudes\Downloads\Outros arquivos\Zepp20211023175223.gpx"
