"Origem","Destino","Preservado","SHA256","Bytes","Motivo"
"C:\Users\Eudes\Downloads\Apresentações\A_FALÁCIA_DO_ATEÍSMO (1).pptx","C:\Users\Eudes\Downloads\Apresentações\Sugestão de descarte\A_FALÁCIA_DO_ATEÍSMO (1).pptx","C:\Users\Eudes\Downloads\Apresentações\A_FALÁCIA_DO_ATEÍSMO.pptx","529BB3454524B7507CB2AB53E1AC7A83297502C0910B2F6D451F7965B179213C","18103629","Cópia com conteúdo idêntico (SHA-256)"
"C:\Users\Eudes\Downloads\Apresentações\Futuristic Background (1).pptx","C:\Users\Eudes\Downloads\Apresentações\Sugestão de descarte\Futuristic Background (1).pptx","C:\Users\Eudes\Downloads\Apresentações\Futuristic Background.pptx","0463F6AF8509B8C23BEDF80B485169E301B7C1D04BA6572024497353D830FCD6","46914267","Cópia com conteúdo idêntico (SHA-256)"
"C:\Users\Eudes\Downloads\Compactados\resolicitaodedemonstrativosamil2025contrato13817 (1).zip","C:\Users\Eudes\Downloads\Compactados\Sugestão de descarte\resolicitaodedemonstrativosamil2025contrato13817 (1).zip","C:\Users\Eudes\Downloads\Compactados\resolicitaodedemonstrativosamil2025contrato13817.zip","FF711E48A20FED258D52F72663016732A897047D751736440A040D46F6761F9B","395679","Cópia com conteúdo idêntico (SHA-256)"
"C:\Users\Eudes\Downloads\Documentos\RELATÓRIO DOCENTE CFO 2023 (1).docx","C:\Users\Eudes\Downloads\Documentos\Sugestão de descarte\RELATÓRIO DOCENTE CFO 2023 (1).docx","C:\Users\Eudes\Downloads\Documentos\RELATÓRIO DOCENTE CFO 2023.docx","227DD0C7C5CE7EB327320E9E85310EFEDDFE9AAF2ECAC72DC9C7CFBC218916EA","14752","Cópia com conteúdo idêntico (SHA-256)"
"C:\Users\Eudes\Downloads\Documentos\Alterações da proposta de conteúdo Curso de Inglês CIOSP (1).odt","C:\Users\Eudes\Downloads\Documentos\Sugestão de descarte\Alterações da proposta de conteúdo Curso de Inglês CIOSP (1).odt","C:\Users\Eudes\Downloads\Documentos\Alterações da proposta de conteúdo Curso de Inglês CIOSP.odt","AA2D9768CEA5E75FE743A18ACC7ADBD902F7F1299363636015ADFE36C6B07ECB","17721","Cópia com conteúdo idêntico (SHA-256)"
"C:\Users\Eudes\Downloads\Documentos\Minuta_da_Portaria_do_DCI_Cmdo_Geral (1).docx","C:\Users\Eudes\Downloads\Documentos\Sugestão de descarte\Minuta_da_Portaria_do_DCI_Cmdo_Geral (1).docx","C:\Users\Eudes\Downloads\Documentos\Minuta_da_Portaria_do_DCI_Cmdo_Geral.docx","05B672E6BD1B85CFC967521765C5EA412142DCCB8721BF5D9E91AAA5798FE4B0","18479","Cópia com conteúdo idêntico (SHA-256)"
"C:\Users\Eudes\Downloads\Documentos\Minuta_da_Portaria_do_DCI_Cmdo_Geral (2).docx","C:\Users\Eudes\Downloads\Documentos\Sugestão de descarte\Minuta_da_Portaria_do_DCI_Cmdo_Geral (2).docx","C:\Users\Eudes\Downloads\Documentos\Minuta_da_Portaria_do_DCI_Cmdo_Geral.docx","05B672E6BD1B85CFC967521765C5EA412142DCCB8721BF5D9E91AAA5798FE4B0","18479","Cópia com conteúdo idêntico (SHA-256)"
"C:\Users\Eudes\Downloads\Documentos\DESCRIÇÃO_DO_CARGO_DE_TELEATENDENTE (1).docx","C:\Users\Eudes\Downloads\Documentos\Sugestão de descarte\DESCRIÇÃO_DO_CARGO_DE_TELEATENDENTE (1).docx","C:\Users\Eudes\Downloads\Documentos\DESCRIÇÃO_DO_CARGO_DE_TELEATENDENTE.docx","F03E9B2706BA05D9CA464BF37C7D6C32C7E0DB2CB596DA7A248314633796A681","18767","Cópia com conteúdo idêntico (SHA-256)"
"C:\Users\Eudes\Downloads\Documentos\Termo_de_Declaracao_de_Ana_Carolina_ITEP.docx","C:\Users\Eudes\Downloads\Documentos\Sugestão de descarte\Termo_de_Declaracao_de_Ana_Carolina_ITEP.docx","C:\Users\Eudes\Downloads\Documentos\Termo de Declaração de Ana Carolina ITEP.docx","5C2ABBD03CB1A50C30CE8CCC7013210DDBA9915C373C5FAAF7CAFC7FAF3037EB","21527","Cópia com conteúdo idêntico (SHA-256)"
"C:\Users\Eudes\Downloads\Documentos\Termo de Declaração de Ana Carolina ITEP (1).docx","C:\Users\Eudes\Downloads\Documentos\Sugestão de descarte\Termo de Declaração de Ana Carolina ITEP (1).docx","C:\Users\Eudes\Downloads\Documentos\Termo de Declaração de Ana Carolina ITEP.docx","5C2ABBD03CB1A50C30CE8CCC7013210DDBA9915C373C5FAAF7CAFC7FAF3037EB","21527","Cópia com conteúdo idêntico (SHA-256)"
"C:\Users\Eudes\Downloads\Documentos\PRE_PROJETO_REVISADO_PARA_ENTREGA.docx","C:\Users\Eudes\Downloads\Documentos\Sugestão de descarte\PRE_PROJETO_REVISADO_PARA_ENTREGA.docx","C:\Users\Eudes\Downloads\Documentos\PRÉ PROJETO REVISADO PARA ENTREGA.docx","74E15212DCC926F20AB33376E6384E4F52011DD2EA1BA07B2F5FCDE05D054F14","35485","Cópia com conteúdo idêntico (SHA-256)"
"C:\Users\Eudes\Downloads\Documentos\Criacionismo - Parte 1 - Prof. Adauto Lourenço.doc","C:\Users\Eudes\Downloads\Documentos\Sugestão de descarte\Criacionismo - Parte 1 - Prof. Adauto Lourenço.doc","C:\Users\Eudes\Downloads\Documentos\Criacionismo - Parte 1 - Prof. Adauto Lourenço.txt","890E0E7DE32277A8DBDDB77C92A3FB639DBC94E4B47ACA4ED7F191889CCB1469","50433","Cópia com conteúdo idêntico (SHA-256)"
"C:\Users\Eudes\Downloads\Documentos\Modelo de projeto - Cursos SENAC (1).docx","C:\Users\Eudes\Downloads\Documentos\Sugestão de descarte\Modelo de projeto - Cursos SENAC (1).docx","C:\Users\Eudes\Downloads\Documentos\Modelo de projeto - Cursos SENAC.docx","4C952BFE1FFD23C08867A127A37193A3B3783F3FF7AFB0981042A4C6256D1AEA","68692","Cópia com conteúdo idêntico (SHA-256)"
"C:\Users\Eudes\Downloads\Documentos\Modelo de Pré-projeto (1).doc","C:\Users\Eudes\Downloads\Documentos\Sugestão de descarte\Modelo de Pré-projeto (1).doc","C:\Users\Eudes\Downloads\Documentos\Modelo de Pré-projeto.doc","393A84CF2154069CBCA2CD9E8AC379E3AA960E00C69030A297A3CFDC7D7AFC43","117248","Cópia com conteúdo idêntico (SHA-256)"
"C:\Users\Eudes\Downloads\Documentos\ARTIGO EUDES 16-11-2023  (1).docx","C:\Users\Eudes\Downloads\Documentos\Sugestão de descarte\ARTIGO EUDES 16-11-2023  (1).docx","C:\Users\Eudes\Downloads\Documentos\ARTIGO EUDES 16-11-2023 .docx","EDDE1795B0873977CF93CE317468D14F76564EE61958114AF8F1A71BB04F73FA","567680","Cópia com conteúdo idêntico (SHA-256)"
"C:\Users\Eudes\Downloads\Documentos\Modelo de Plano Estadual - Operação Eleições (1).docx","C:\Users\Eudes\Downloads\Documentos\Sugestão de descarte\Modelo de Plano Estadual - Operação Eleições (1).docx","C:\Users\Eudes\Downloads\Documentos\Modelo de Plano Estadual - Operação Eleições.docx","99B03018EC35AC7F61593FBF78433D3DAD615CEBA6CD10E00378379F8F13F091","1985931","Cópia com conteúdo idêntico (SHA-256)"
"C:\Users\Eudes\Downloads\Imagens\WhatsApp Image 2022-09-08 at 09.16.26 (1).jpeg","C:\Users\Eudes\Downloads\Imagens\Sugestão de descarte\WhatsApp Image 2022-09-08 at 09.16.26 (1).jpeg","C:\Users\Eudes\Downloads\Imagens\WhatsApp Image 2022-09-08 at 09.16.26.jpeg","98EDEBA3AE0E8801F5C1ACE3AC5727CFB725C3591DA7B3D8FEFDAA879770FE5E","34581","Cópia com conteúdo idêntico (SHA-256)"
"C:\Users\Eudes\Downloads\Imagens\WhatsApp Image 2026-04-21 at 16.59.53 (1).jpeg","C:\Users\Eudes\Downloads\Imagens\Sugestão de descarte\WhatsApp Image 2026-04-21 at 16.59.53 (1).jpeg","C:\Users\Eudes\Downloads\Imagens\WhatsApp Image 2026-04-21 at 16.59.53.jpeg","D2D97259929572E6E3FFF9929A305FEF5AB97BA438298E20CACDD884E5FFF880","64765","Cópia com conteúdo idêntico (SHA-256)"
"C:\Users\Eudes\Downloads\Imagens\WhatsApp Image 2026-04-17 at 10.22.41 (1).jpeg","C:\Users\Eudes\Downloads\Imagens\Sugestão de descarte\WhatsApp Image 2026-04-17 at 10.22.41 (1).jpeg","C:\Users\Eudes\Downloads\Imagens\WhatsApp Image 2026-04-17 at 10.22.41.jpeg","8595C012CEEC21CB9B52334B0B9BEE27DD4901CE0E480D009DC2BF31D5ED1024","65340","Cópia com conteúdo idêntico (SHA-256)"
"C:\Users\Eudes\Downloads\Imagens\WhatsApp Image 2024-07-01 at 09.24.28 (1).jpeg","C:\Users\Eudes\Downloads\Imagens\Sugestão de descarte\WhatsApp Image 2024-07-01 at 09.24.28 (1).jpeg","C:\Users\Eudes\Downloads\Imagens\WhatsApp Image 2024-07-01 at 09.24.28.jpeg","102899A2B4D637290200BD0A974F93DC3A7B21971947C37F20AF6D0D8FC02C13","67184","Cópia com conteúdo idêntico (SHA-256)"
"C:\Users\Eudes\Downloads\Imagens\WhatsApp Image 2021-09-28 at 12.05.32 (1).jpeg","C:\Users\Eudes\Downloads\Imagens\Sugestão de descarte\WhatsApp Image 2021-09-28 at 12.05.32 (1).jpeg","C:\Users\Eudes\Downloads\Imagens\WhatsApp Image 2021-09-28 at 12.05.32.jpeg","37A98365D6D2CC440B5F4EAB720712EBE69D1206937C2C923F035664C94E3E49","70000","Cópia com conteúdo idêntico (SHA-256)"
"C:\Users\Eudes\Downloads\Imagens\WhatsApp Image 2021-09-28 at 12.05.32 (2).jpeg","C:\Users\Eudes\Downloads\Imagens\Sugestão de descarte\WhatsApp Image 2021-09-28 at 12.05.32 (2).jpeg","C:\Users\Eudes\Downloads\Imagens\WhatsApp Image 2021-09-28 at 12.05.32.jpeg","37A98365D6D2CC440B5F4EAB720712EBE69D1206937C2C923F035664C94E3E49","70000","Cópia com conteúdo idêntico (SHA-256)"
"C:\Users\Eudes\Downloads\Imagens\WhatsApp Image 2026-06-07 at 21.37.09.jpeg","C:\Users\Eudes\Downloads\Imagens\Sugestão de descarte\WhatsApp Image 2026-06-07 at 21.37.09.jpeg","C:\Users\Eudes\Downloads\Imagens\WhatsApp Image 2026-04-17 at 10.22.15.jpeg","34276EA69E3AC89830BA8322A26A934BF4D023B04D1304DB34C6A6CABDE393AE","70691","Cópia com conteúdo idêntico (SHA-256)"
"C:\Users\Eudes\Downloads\Imagens\WhatsApp Image 2026-04-17 at 10.22.15 (1).jpeg","C:\Users\Eudes\Downloads\Imagens\Sugestão de descarte\WhatsApp Image 2026-04-17 at 10.22.15 (1).jpeg","C:\Users\Eudes\Downloads\Imagens\WhatsApp Image 2026-04-17 at 10.22.15.jpeg","34276EA69E3AC89830BA8322A26A934BF4D023B04D1304DB34C6A6CABDE393AE","70691","Cópia com conteúdo idêntico (SHA-256)"
"C:\Users\Eudes\Downloads\Imagens\WhatsApp Image 2023-10-18 at 11.15.13 (1).jpeg","C:\Users\Eudes\Downloads\Imagens\Sugestão de descarte\WhatsApp Image 2023-10-18 at 11.15.13 (1).jpeg","C:\Users\Eudes\Downloads\Imagens\WhatsApp Image 2023-10-18 at 11.15.13.jpeg","74D963F55E667F6E76F1ECDDF38A70A5B483D8387BEE27EAB3FD218E87A851DF","70859","Cópia com conteúdo idêntico (SHA-256)"
"C:\Users\Eudes\Downloads\Imagens\WhatsApp Image 2026-04-17 at 10.08.53 (1).jpeg","C:\Users\Eudes\Downloads\Imagens\Sugestão de descarte\WhatsApp Image 2026-04-17 at 10.08.53 (1).jpeg","C:\Users\Eudes\Downloads\Imagens\WhatsApp Image 2026-04-17 at 10.08.53.jpeg","F29875DECB24DDB52CA3B8F618EBAE2F6879637C0BF028074101E65C0A1097D4","86228","Cópia com conteúdo idêntico (SHA-256)"
"C:\Users\Eudes\Downloads\Imagens\WhatsApp Image 2026-04-17 at 10.09.24 (1).jpeg","C:\Users\Eudes\Downloads\Imagens\Sugestão de descarte\WhatsApp Image 2026-04-17 at 10.09.24 (1).jpeg","C:\Users\Eudes\Downloads\Imagens\WhatsApp Image 2026-04-17 at 10.09.24.jpeg","110402479E2FE9B4F6F71AFF70FF51D1D39974FBFA43A5C7B4F8D443DAF0A44D","90113","Cópia com conteúdo idêntico (SHA-256)"
"C:\Users\Eudes\Downloads\Imagens\WhatsApp Image 2026-07-16 at 21.54.32 (1).jpeg","C:\Users\Eudes\Downloads\Imagens\Sugestão de descarte\WhatsApp Image 2026-07-16 at 21.54.32 (1).jpeg","C:\Users\Eudes\Downloads\Imagens\WhatsApp Image 2026-07-16 at 21.54.32.jpeg","98EAFEC54903324A6A9D46C53A7F3F5EAE9B1DA47D2A1B36B77665D8228DB924","99982","Cópia com conteúdo idêntico (SHA-256)"
"C:\Users\Eudes\Downloads\Imagens\WhatsApp Image 2024-06-26 at 11.36.35 (1).jpeg","C:\Users\Eudes\Downloads\Imagens\Sugestão de descarte\WhatsApp Image 2024-06-26 at 11.36.35 (1).jpeg","C:\Users\Eudes\Downloads\Imagens\WhatsApp Image 2024-06-26 at 11.36.35.jpeg","CDA2D7723F2F952DC03EA2DC8BC551288ADA1049B533AD89C023D88568987CCB","183151","Cópia com conteúdo idêntico (SHA-256)"
"C:\Users\Eudes\Downloads\Imagens\pikaso_texttoimage_3d-model-octane-render-volumetric-highly-detailed- (1).jpeg","C:\Users\Eudes\Downloads\Imagens\Sugestão de descarte\pikaso_texttoimage_3d-model-octane-render-volumetric-highly-detailed- (1).jpeg","C:\Users\Eudes\Downloads\Imagens\pikaso_texttoimage_3d-model-octane-render-volumetric-highly-detailed-.jpeg","A4A0A7BCB03B2ADC5ED9519F6991C7C08933C56CF77E56959A28500EC6E83560","185822","Cópia com conteúdo idêntico (SHA-256)"
"C:\Users\Eudes\Downloads\Imagens\DALL·E 2024-10-19 20.29.09 - A young man, clean-shaven and dressed elegantly in formal royal attire, sitting on an ornate throne that reflects royalty. The throne is grand, decora.webp","C:\Users\Eudes\Downloads\Imagens\Sugestão de descarte\DALL·E 2024-10-19 20.29.09 - A young man, clean-shaven and dressed elegantly in formal royal attire, sitting on an ornate throne that reflects royalty. The throne is grand, decora.webp","C:\Users\Eudes\Downloads\Imagens\DALL·E 2024-10-19 20.28.24 - A young man, clean-shaven and dressed elegantly in formal royal attire, sitting on an ornate throne that reflects royalty. The throne is grand, decora.webp","299A666A816EA5EA92A43041665B59C74EFDB626B158A8BBBBF7B83F8937279E","352150","Cópia com conteúdo idêntico (SHA-256)"
"C:\Users\Eudes\Downloads\Imagens\Gemini_Generated_Image_7kfwa97kfwa97kfw (1).png","C:\Users\Eudes\Downloads\Imagens\Sugestão de descarte\Gemini_Generated_Image_7kfwa97kfwa97kfw (1).png","C:\Users\Eudes\Downloads\Imagens\Gemini_Generated_Image_7kfwa97kfwa97kfw.png","CA84E64EC70A3E1A5512EFF5B27DE0A03C681863A0E1B8C332E7D5E5FE6E788C","742701","Cópia com conteúdo idêntico (SHA-256)"
"C:\Users\Eudes\Downloads\Imagens\NotebookLM Mind Map (2).png","C:\Users\Eudes\Downloads\Imagens\Sugestão de descarte\NotebookLM Mind Map (2).png","C:\Users\Eudes\Downloads\Imagens\NotebookLM Mind Map (1).png","94E71496E6CE7067F4C7EDB81FB09536AD296C93A3E3959D0E17EE2CB03D6A91","5005076","Cópia com conteúdo idêntico (SHA-256)"
"C:\Users\Eudes\Downloads\Outros arquivos\82919348434 (1).ovpn","C:\Users\Eudes\Downloads\Outros arquivos\Sugestão de descarte\82919348434 (1).ovpn","C:\Users\Eudes\Downloads\Outros arquivos\82919348434.ovpn","3DAE57305F97DB8CDFDF66F1C94DF9075E242F188B959FBD783BF6E974902A7C","5001","Cópia com conteúdo idêntico (SHA-256)"
"C:\Users\Eudes\Downloads\PDFs\Comprovante setembro 2023 (1).pdf","C:\Users\Eudes\Downloads\PDFs\Sugestão de descarte\Comprovante setembro 2023 (1).pdf","C:\Users\Eudes\Downloads\PDFs\Comprovante setembro 2023.pdf","24133F6A85FFF7679151FCBC10D61DE7581E6895C9A8032854AEA5A6D1C83210","1805","Cópia com conteúdo idêntico (SHA-256)"
"C:\Users\Eudes\Downloads\PDFs\Antecedentes Criminais da Justiça Militar Estadual (Local de Moradia).pdf","C:\Users\Eudes\Downloads\PDFs\Sugestão de descarte\Antecedentes Criminais da Justiça Militar Estadual (Local de Moradia).pdf","C:\Users\Eudes\Downloads\PDFs\Certidão - Justiça Estadual.pdf","BEAE69E29B63E4BEA1C6EA1962C4F65B088F3BED7139ED5B348DD9FDEB2BCB06","15283","Cópia com conteúdo idêntico (SHA-256)"
"C:\Users\Eudes\Downloads\PDFs\Antecedentes Criminais da Justiça Militar Estadual (Local de trabalho).pdf","C:\Users\Eudes\Downloads\PDFs\Sugestão de descarte\Antecedentes Criminais da Justiça Militar Estadual (Local de trabalho).pdf","C:\Users\Eudes\Downloads\PDFs\Certidão - Justiça Estadual.pdf","BEAE69E29B63E4BEA1C6EA1962C4F65B088F3BED7139ED5B348DD9FDEB2BCB06","15283","Cópia com conteúdo idêntico (SHA-256)"
"C:\Users\Eudes\Downloads\PDFs\_STVM_103051_001015768_2047646_2021920.pdf_ (1).pdf","C:\Users\Eudes\Downloads\PDFs\Sugestão de descarte\_STVM_103051_001015768_2047646_2021920.pdf_ (1).pdf","C:\Users\Eudes\Downloads\PDFs\_STVM_103051_001015768_2047646_2021920.pdf_.pdf","9EFF0DBB79B193D59163C4EDE45CFFD53B568672A8408F6677C7DA117BA17564","27296","Cópia com conteúdo idêntico (SHA-256)"
"C:\Users\Eudes\Downloads\PDFs\RelFat1001E_202505291404261640605 (2).pdf","C:\Users\Eudes\Downloads\PDFs\Sugestão de descarte\RelFat1001E_202505291404261640605 (2).pdf","C:\Users\Eudes\Downloads\PDFs\RelFat1001E_202505291404261640605.pdf","D0452D680CD9F86D61971AE627687BE6DD3242E4DE0BBDBFFCA019E7AFBA5676","31762","Cópia com conteúdo idêntico (SHA-256)"
"C:\Users\Eudes\Downloads\PDFs\82919348434-2023-Custodia (1).pdf","C:\Users\Eudes\Downloads\PDFs\Sugestão de descarte\82919348434-2023-Custodia (1).pdf","C:\Users\Eudes\Downloads\PDFs\82919348434-2023-Custodia.pdf","88AA91971720FB8F64ACB6CB69FDA5D9AF8F402E2AFA2CEA44F6F807524009CC","45326","Cópia com conteúdo idêntico (SHA-256)"
"C:\Users\Eudes\Downloads\PDFs\82919348434-2023-Custodia (3).pdf","C:\Users\Eudes\Downloads\PDFs\Sugestão de descarte\82919348434-2023-Custodia (3).pdf","C:\Users\Eudes\Downloads\PDFs\82919348434-2023-Custodia.pdf","88AA91971720FB8F64ACB6CB69FDA5D9AF8F402E2AFA2CEA44F6F807524009CC","45326","Cópia com conteúdo idêntico (SHA-256)"
"C:\Users\Eudes\Downloads\PDFs\82919348434-IRPF-A-2023-2022-REC (1).pdf","C:\Users\Eudes\Downloads\PDFs\Sugestão de descarte\82919348434-IRPF-A-2023-2022-REC (1).pdf","C:\Users\Eudes\Downloads\PDFs\82919348434-IRPF-A-2023-2022-REC.pdf","A6AADFDDDB830C292CFF7ECFF69AC81D9B578E5E425BE39D97D2463042768382","48807","Cópia com conteúdo idêntico (SHA-256)"
"C:\Users\Eudes\Downloads\PDFs\Comprovante de residência.pdf","C:\Users\Eudes\Downloads\PDFs\Sugestão de descarte\Comprovante de residência.pdf","C:\Users\Eudes\Downloads\PDFs\actionMappings.pdf","B1923E47D8E2A2EE415E548C2B2609467421DB81BB7540E59C3D2CF36E6EE2CF","49913","Cópia com conteúdo idêntico (SHA-256)"
"C:\Users\Eudes\Downloads\PDFs\Currículos Lattes (Eudes de Freitas Alves de Jesus) (1).pdf","C:\Users\Eudes\Downloads\PDFs\Sugestão de descarte\Currículos Lattes (Eudes de Freitas Alves de Jesus) (1).pdf","C:\Users\Eudes\Downloads\PDFs\Currículos Lattes (Eudes de Freitas Alves de Jesus).pdf","09239CA5A3A842050C9D10FEF4E0EC750A32BFF47CE003FCF5E424409CA59207","57730","Cópia com conteúdo idêntico (SHA-256)"
"C:\Users\Eudes\Downloads\PDFs\Requerimento_Orientao_Individual_ADM0160_ADM0161_1 (1).pdf","C:\Users\Eudes\Downloads\PDFs\Sugestão de descarte\Requerimento_Orientao_Individual_ADM0160_ADM0161_1 (1).pdf","C:\Users\Eudes\Downloads\PDFs\Requerimento_Orientao_Individual_ADM0160_ADM0161_1.pdf","F8E513CE38ED60569D5ACA0C4329BD8EC61CC376AE47352D02C7791D3416C93B","70731","Cópia com conteúdo idêntico (SHA-256)"
"C:\Users\Eudes\Downloads\PDFs\bb47b777-5b62-4b13-8205-9499d4dfb96d_Mateus_67-13_-_Texto_Bblico_na_ntegra.pdf","C:\Users\Eudes\Downloads\PDFs\Sugestão de descarte\bb47b777-5b62-4b13-8205-9499d4dfb96d_Mateus_67-13_-_Texto_Bblico_na_ntegra.pdf","C:\Users\Eudes\Downloads\PDFs\Reflexão sobre Pai Nosso Matutino.pdf","177238C622E7FF37F60D7957AC2E76569143655A476F6FA6967A2CB36A3088A1","82850","Cópia com conteúdo idêntico (SHA-256)"
"C:\Users\Eudes\Downloads\PDFs\certidao_Trabalhista_MAJ Freitas (1).pdf","C:\Users\Eudes\Downloads\PDFs\Sugestão de descarte\certidao_Trabalhista_MAJ Freitas (1).pdf","C:\Users\Eudes\Downloads\PDFs\certidao_Trabalhista_MAJ Freitas.pdf","C6E5970B7EEACC555B19B1542B6AC5857037DC9114DEF27686536E7CA74C1AE3","86041","Cópia com conteúdo idêntico (SHA-256)"
"C:\Users\Eudes\Downloads\PDFs\SEI_29575768_Relatorio (1).pdf","C:\Users\Eudes\Downloads\PDFs\Sugestão de descarte\SEI_29575768_Relatorio (1).pdf","C:\Users\Eudes\Downloads\PDFs\SEI_29575768_Relatorio.pdf","941CB262CF684194BBD3791B6733BC6EAE9D016C2857C58A09AFD8D2373169DA","89113","Cópia com conteúdo idêntico (SHA-256)"
"C:\Users\Eudes\Downloads\PDFs\CRLV Digital_2021821022159BH0028 (1).pdf","C:\Users\Eudes\Downloads\PDFs\Sugestão de descarte\CRLV Digital_2021821022159BH0028 (1).pdf","C:\Users\Eudes\Downloads\PDFs\CRLV Digital_2021821022159BH0028.pdf","50CC17F141BE5994E90248C47FC1D8B2D92B9FCD102ABFAD8BE45398994F51F2","100625","Cópia com conteúdo idêntico (SHA-256)"
"C:\Users\Eudes\Downloads\PDFs\ImprimirCRVE (8) (1).pdf","C:\Users\Eudes\Downloads\PDFs\Sugestão de descarte\ImprimirCRVE (8) (1).pdf","C:\Users\Eudes\Downloads\PDFs\ImprimirCRVE (8).pdf","F264C0426BD5D87739D0AA7B6577D13399BF7DAF65FBB8A53FB090A6B518988F","101531","Cópia com conteúdo idêntico (SHA-256)"
"C:\Users\Eudes\Downloads\PDFs\CHACARAS HENDERSON IMPRESSÃO-Layout1 (1).pdf","C:\Users\Eudes\Downloads\PDFs\Sugestão de descarte\CHACARAS HENDERSON IMPRESSÃO-Layout1 (1).pdf","C:\Users\Eudes\Downloads\PDFs\CHACARAS HENDERSON IMPRESSÃO-Layout1.pdf","1798DFC3F70918AD39FD166E3B66FE847F0F3CBFDDF305B4502634B559F95621","106133","Cópia com conteúdo idêntico (SHA-256)"
"C:\Users\Eudes\Downloads\PDFs\CHACARAS HENDERSON IMPRESSÃO-Layout1 (2).pdf","C:\Users\Eudes\Downloads\PDFs\Sugestão de descarte\CHACARAS HENDERSON IMPRESSÃO-Layout1 (2).pdf","C:\Users\Eudes\Downloads\PDFs\CHACARAS HENDERSON IMPRESSÃO-Layout1.pdf","1798DFC3F70918AD39FD166E3B66FE847F0F3CBFDDF305B4502634B559F95621","106133","Cópia com conteúdo idêntico (SHA-256)"
"C:\Users\Eudes\Downloads\PDFs\CHACARAS HENDERSON IMPRESSÃO-Layout1 (3).pdf","C:\Users\Eudes\Downloads\PDFs\Sugestão de descarte\CHACARAS HENDERSON IMPRESSÃO-Layout1 (3).pdf","C:\Users\Eudes\Downloads\PDFs\CHACARAS HENDERSON IMPRESSÃO-Layout1.pdf","1798DFC3F70918AD39FD166E3B66FE847F0F3CBFDDF305B4502634B559F95621","106133","Cópia com conteúdo idêntico (SHA-256)"
"C:\Users\Eudes\Downloads\PDFs\Anexo II - Quadro de Trabalho Semanal (1).pdf","C:\Users\Eudes\Downloads\PDFs\Sugestão de descarte\Anexo II - Quadro de Trabalho Semanal (1).pdf","C:\Users\Eudes\Downloads\PDFs\Anexo II - Quadro de Trabalho Semanal.pdf","CE82A4335F7BCE629DC6CB19EEF16F201425D81F550FD9CC405096C79A2EEAE7","109856","Cópia com conteúdo idêntico (SHA-256)"
"C:\Users\Eudes\Downloads\PDFs\82919348434-2022-Anual (1).pdf","C:\Users\Eudes\Downloads\PDFs\Sugestão de descarte\82919348434-2022-Anual (1).pdf","C:\Users\Eudes\Downloads\PDFs\82919348434-2022-Anual.pdf","D41612F59C3CE8E24321BBAE5A4F2774DEF9CCEB8A6651DBF0BD74D8988A5331","119346","Cópia com conteúdo idêntico (SHA-256)"
"C:\Users\Eudes\Downloads\PDFs\CNH Digital (1).pdf","C:\Users\Eudes\Downloads\PDFs\Sugestão de descarte\CNH Digital (1).pdf","C:\Users\Eudes\Downloads\PDFs\CNH Digital.pdf","D7AA0CDB54A270DBCDFC97F4BFC5B48C08C77E4C3AE651DDF783AD8C5E43878F","128110","Cópia com conteúdo idêntico (SHA-256)"
"C:\Users\Eudes\Downloads\PDFs\Declaração Sanidade (1).pdf","C:\Users\Eudes\Downloads\PDFs\Sugestão de descarte\Declaração Sanidade (1).pdf","C:\Users\Eudes\Downloads\PDFs\Declaração Sanidade.pdf","0377D6BD06A90D2B09B552F67F8AD3A50BB2E241825EF6B466572862E6EB944E","167801","Cópia com conteúdo idêntico (SHA-256)"
"C:\Users\Eudes\Downloads\PDFs\1065-3353-1-PB (1).pdf","C:\Users\Eudes\Downloads\PDFs\Sugestão de descarte\1065-3353-1-PB (1).pdf","C:\Users\Eudes\Downloads\PDFs\1065-3353-1-PB.pdf","D5C8D7D7365B67358BFD50125152175A504A3706206ED781F86891EDAD45F108","223150","Cópia com conteúdo idêntico (SHA-256)"
"C:\Users\Eudes\Downloads\PDFs\1065-3353-1-PB (2).pdf","C:\Users\Eudes\Downloads\PDFs\Sugestão de descarte\1065-3353-1-PB (2).pdf","C:\Users\Eudes\Downloads\PDFs\1065-3353-1-PB.pdf","D5C8D7D7365B67358BFD50125152175A504A3706206ED781F86891EDAD45F108","223150","Cópia com conteúdo idêntico (SHA-256)"
"C:\Users\Eudes\Downloads\PDFs\1503-5522-1-PB (1).pdf","C:\Users\Eudes\Downloads\PDFs\Sugestão de descarte\1503-5522-1-PB (1).pdf","C:\Users\Eudes\Downloads\PDFs\1503-5522-1-PB.pdf","937E496AB7150B07CDA61AF6D61A662C9893A5ED0803B4A13F9094216A5D3BDD","260236","Cópia com conteúdo idêntico (SHA-256)"
"C:\Users\Eudes\Downloads\PDFs\1503-5522-1-PB (2).pdf","C:\Users\Eudes\Downloads\PDFs\Sugestão de descarte\1503-5522-1-PB (2).pdf","C:\Users\Eudes\Downloads\PDFs\1503-5522-1-PB.pdf","937E496AB7150B07CDA61AF6D61A662C9893A5ED0803B4A13F9094216A5D3BDD","260236","Cópia com conteúdo idêntico (SHA-256)"
"C:\Users\Eudes\Downloads\PDFs\SINTESE DAS ALTERAÇÕES NOS RELATÓRIOS DE FEVEREIRO 2021 (1).pdf","C:\Users\Eudes\Downloads\PDFs\Sugestão de descarte\SINTESE DAS ALTERAÇÕES NOS RELATÓRIOS DE FEVEREIRO 2021 (1).pdf","C:\Users\Eudes\Downloads\PDFs\SINTESE DAS ALTERAÇÕES NOS RELATÓRIOS DE FEVEREIRO 2021.pdf","2B6F7963EFC6652DBF594338DD8AD3AB7DA73E646E71287BB7C0D95219B377D2","329425","Cópia com conteúdo idêntico (SHA-256)"
"C:\Users\Eudes\Downloads\PDFs\Carta de aceitação de orientando - Eudes (1) (1).pdf","C:\Users\Eudes\Downloads\PDFs\Sugestão de descarte\Carta de aceitação de orientando - Eudes (1) (1).pdf","C:\Users\Eudes\Downloads\PDFs\Carta de aceitação de orientando - Eudes (1).pdf","56604A6CBF1DF1F7C71AE55E10CF03B594458E21F3C5C33307B449BFD2429DEF","344415","Cópia com conteúdo idêntico (SHA-256)"
"C:\Users\Eudes\Downloads\PDFs\Carta de aceitação de orientando - Eudes (1) (2).pdf","C:\Users\Eudes\Downloads\PDFs\Sugestão de descarte\Carta de aceitação de orientando - Eudes (1) (2).pdf","C:\Users\Eudes\Downloads\PDFs\Carta de aceitação de orientando - Eudes (1).pdf","56604A6CBF1DF1F7C71AE55E10CF03B594458E21F3C5C33307B449BFD2429DEF","344415","Cópia com conteúdo idêntico (SHA-256)"
"C:\Users\Eudes\Downloads\PDFs\CC05DBF3-FB90-43C4-A43A-9E4068CF0ECC (1).PDF","C:\Users\Eudes\Downloads\PDFs\Sugestão de descarte\CC05DBF3-FB90-43C4-A43A-9E4068CF0ECC (1).PDF","C:\Users\Eudes\Downloads\PDFs\CC05DBF3-FB90-43C4-A43A-9E4068CF0ECC.PDF","185F4659C1D8BC5128BF3C50BCACBF5A445ACEA8CF7CEF79E83CCD9D2A938DA6","367934","Cópia com conteúdo idêntico (SHA-256)"
"C:\Users\Eudes\Downloads\PDFs\PRIMEIRAS DECLARAÇÕES.ADEQUAÇÕES (1).pdf","C:\Users\Eudes\Downloads\PDFs\Sugestão de descarte\PRIMEIRAS DECLARAÇÕES.ADEQUAÇÕES (1).pdf","C:\Users\Eudes\Downloads\PDFs\PRIMEIRAS DECLARAÇÕES.ADEQUAÇÕES.pdf","A223CD73C8C0E4323E25BD0C81B0D9C14B17B4E8B1DC5607D72785531A4649F0","519418","Cópia com conteúdo idêntico (SHA-256)"
"C:\Users\Eudes\Downloads\PDFs\Manual de orientação para prod. de TCC (1).pdf final 2021 (1).pdf","C:\Users\Eudes\Downloads\PDFs\Sugestão de descarte\Manual de orientação para prod. de TCC (1).pdf final 2021 (1).pdf","C:\Users\Eudes\Downloads\PDFs\Manual de orientação para prod. de TCC (1).pdf final 2021.pdf","F8EFDC8213E4CBDC40B6772B7AD3C75513498F7CC35C7F72CF676CB07752236D","604652","Cópia com conteúdo idêntico (SHA-256)"
"C:\Users\Eudes\Downloads\PDFs\Manual de orientação para prod. de TCC (1).pdf final 2021 (2).pdf","C:\Users\Eudes\Downloads\PDFs\Sugestão de descarte\Manual de orientação para prod. de TCC (1).pdf final 2021 (2).pdf","C:\Users\Eudes\Downloads\PDFs\Manual de orientação para prod. de TCC (1).pdf final 2021.pdf","F8EFDC8213E4CBDC40B6772B7AD3C75513498F7CC35C7F72CF676CB07752236D","604652","Cópia com conteúdo idêntico (SHA-256)"
"C:\Users\Eudes\Downloads\PDFs\Manual de orientação para prod. de TCC (1).pdf final 2021 (3).pdf","C:\Users\Eudes\Downloads\PDFs\Sugestão de descarte\Manual de orientação para prod. de TCC (1).pdf final 2021 (3).pdf","C:\Users\Eudes\Downloads\PDFs\Manual de orientação para prod. de TCC (1).pdf final 2021.pdf","F8EFDC8213E4CBDC40B6772B7AD3C75513498F7CC35C7F72CF676CB07752236D","604652","Cópia com conteúdo idêntico (SHA-256)"
"C:\Users\Eudes\Downloads\PDFs\Certidão de casamento (1).pdf","C:\Users\Eudes\Downloads\PDFs\Sugestão de descarte\Certidão de casamento (1).pdf","C:\Users\Eudes\Downloads\PDFs\Certidão de casamento.pdf","201B23286C9BB19A67D439E83149C59E7465A6A5F07BC99566567A9FFF50A1B6","609130","Cópia com conteúdo idêntico (SHA-256)"
"C:\Users\Eudes\Downloads\PDFs\Influências do trabalho noturno no sono dos trabalhadores de enfermagem revisão integrativa.pdf","C:\Users\Eudes\Downloads\PDFs\Sugestão de descarte\Influências do trabalho noturno no sono dos trabalhadores de enfermagem revisão integrativa.pdf","C:\Users\Eudes\Downloads\PDFs\admin,+12.pdf","A9475DA8C0B421D9E56284F069CC42ED22E72C7FDA119315FB6FCCE232181F12","620462","Cópia com conteúdo idêntico (SHA-256)"
"C:\Users\Eudes\Downloads\PDFs\Artigo Final V 2.0 (1).pdf","C:\Users\Eudes\Downloads\PDFs\Sugestão de descarte\Artigo Final V 2.0 (1).pdf","C:\Users\Eudes\Downloads\PDFs\Artigo Final V 2.0.pdf","2D5A6B4401EC5C2BA07144602DA6BAF4BD006A154996D36790650A5A28FE7BA2","657490","Cópia com conteúdo idêntico (SHA-256)"
"C:\Users\Eudes\Downloads\PDFs\Artigo Final V 2.0 (2).pdf","C:\Users\Eudes\Downloads\PDFs\Sugestão de descarte\Artigo Final V 2.0 (2).pdf","C:\Users\Eudes\Downloads\PDFs\Artigo Final V 2.0.pdf","2D5A6B4401EC5C2BA07144602DA6BAF4BD006A154996D36790650A5A28FE7BA2","657490","Cópia com conteúdo idêntico (SHA-256)"
"C:\Users\Eudes\Downloads\PDFs\SENTINELA_-_smart (2).pdf","C:\Users\Eudes\Downloads\PDFs\Sugestão de descarte\SENTINELA_-_smart (2).pdf","C:\Users\Eudes\Downloads\PDFs\SENTINELA_-_smart.pdf","14FDD2DC27631B7BCF8C994D4EA16B41A057AB35141AC847B18FD70AC7B29BB6","1192798","Cópia com conteúdo idêntico (SHA-256)"
"C:\Users\Eudes\Downloads\PDFs\55615-Texto do Artigo-207750-2-10-20190101 (1).pdf","C:\Users\Eudes\Downloads\PDFs\Sugestão de descarte\55615-Texto do Artigo-207750-2-10-20190101 (1).pdf","C:\Users\Eudes\Downloads\PDFs\55615-Texto do Artigo-207750-2-10-20190101.pdf","8015408DE70BD9E7FE750607BE935EB0A66DFEB80F089180D9A7A93D08D94831","1221054","Cópia com conteúdo idêntico (SHA-256)"
"C:\Users\Eudes\Downloads\PDFs\55615-Texto do Artigo-207750-2-10-20190101 (2).pdf","C:\Users\Eudes\Downloads\PDFs\Sugestão de descarte\55615-Texto do Artigo-207750-2-10-20190101 (2).pdf","C:\Users\Eudes\Downloads\PDFs\55615-Texto do Artigo-207750-2-10-20190101.pdf","8015408DE70BD9E7FE750607BE935EB0A66DFEB80F089180D9A7A93D08D94831","1221054","Cópia com conteúdo idêntico (SHA-256)"
"C:\Users\Eudes\Downloads\PDFs\55615-Texto do Artigo-207750-2-10-20190101 (3).pdf","C:\Users\Eudes\Downloads\PDFs\Sugestão de descarte\55615-Texto do Artigo-207750-2-10-20190101 (3).pdf","C:\Users\Eudes\Downloads\PDFs\55615-Texto do Artigo-207750-2-10-20190101.pdf","8015408DE70BD9E7FE750607BE935EB0A66DFEB80F089180D9A7A93D08D94831","1221054","Cópia com conteúdo idêntico (SHA-256)"
"C:\Users\Eudes\Downloads\PDFs\CS_Sign_14-09-2023_14.29-1_assinado (1).pdf","C:\Users\Eudes\Downloads\PDFs\Sugestão de descarte\CS_Sign_14-09-2023_14.29-1_assinado (1).pdf","C:\Users\Eudes\Downloads\PDFs\CS_Sign_14-09-2023_14.29-1_assinado.pdf","FD484723E6B9A9D9F6B27A48CF8DF64EE5CD011DC95F57AD7046B8F1E78574CA","1598157","Cópia com conteúdo idêntico (SHA-256)"
"C:\Users\Eudes\Downloads\PDFs\Diploma da Pós em GP.pdf","C:\Users\Eudes\Downloads\PDFs\Sugestão de descarte\Diploma da Pós em GP.pdf","C:\Users\Eudes\Downloads\PDFs\diploma_da_pós .pdf","DD8A502D205908897EAE3FD11F2C2B3B8C021C3CB11794E0BB6E7FD4110AC54F","1673723","Cópia com conteúdo idêntico (SHA-256)"
"C:\Users\Eudes\Downloads\PDFs\Pablo Marçal - O PIOR ANO DA SUA VIDA [E-BOOK] - Cópia (1).pdf","C:\Users\Eudes\Downloads\PDFs\Sugestão de descarte\Pablo Marçal - O PIOR ANO DA SUA VIDA [E-BOOK] - Cópia (1).pdf","C:\Users\Eudes\Downloads\PDFs\Pablo Marçal - O PIOR ANO DA SUA VIDA [E-BOOK] - Cópia.pdf","544CFBBA4662836E3092D09A64BBBF26E462B1AA13375775D501B7851DA5032E","2445904","Cópia com conteúdo idêntico (SHA-256)"
"C:\Users\Eudes\Downloads\PDFs\Validado (1).pdf","C:\Users\Eudes\Downloads\PDFs\Sugestão de descarte\Validado (1).pdf","C:\Users\Eudes\Downloads\PDFs\Validado.pdf","D04F4538F0CDC622A85C23465A15B097B27CBA7FE040DC870C4570AD5086AE26","2454801","Cópia com conteúdo idêntico (SHA-256)"
"C:\Users\Eudes\Downloads\PDFs\Validado (2).pdf","C:\Users\Eudes\Downloads\PDFs\Sugestão de descarte\Validado (2).pdf","C:\Users\Eudes\Downloads\PDFs\Validado.pdf","D04F4538F0CDC622A85C23465A15B097B27CBA7FE040DC870C4570AD5086AE26","2454801","Cópia com conteúdo idêntico (SHA-256)"
"C:\Users\Eudes\Downloads\PDFs\Portifólio_Maximus consult (1).pdf","C:\Users\Eudes\Downloads\PDFs\Sugestão de descarte\Portifólio_Maximus consult (1).pdf","C:\Users\Eudes\Downloads\PDFs\Portifólio_Maximus consult.pdf","24FFD208B5E63DCA87EFEC39213B5DCAD7F249871A8C5334D35846ACC1C3639E","2494246","Cópia com conteúdo idêntico (SHA-256)"
"C:\Users\Eudes\Downloads\PDFs\Documentos inclusão Unimed - ASSOFME (1).pdf","C:\Users\Eudes\Downloads\PDFs\Sugestão de descarte\Documentos inclusão Unimed - ASSOFME (1).pdf","C:\Users\Eudes\Downloads\PDFs\Documentos inclusão Unimed - ASSOFME.pdf","16E7EE90C60C90E81958346C5E7569F6D237E9770FAF32F6903E6EEEC4DB9BC4","3954469","Cópia com conteúdo idêntico (SHA-256)"
"C:\Users\Eudes\Downloads\PDFs\PDF_PAE_55649716032021 172400070.pdf - processo semut 02 (1).pdf","C:\Users\Eudes\Downloads\PDFs\Sugestão de descarte\PDF_PAE_55649716032021 172400070.pdf - processo semut 02 (1).pdf","C:\Users\Eudes\Downloads\PDFs\PDF_PAE_55649716032021 172400070.pdf - processo semut 02.pdf","CD8E73C8AE43EA879377534F094BF52F029667E5E5D291825647B1DA8D5F0362","6198158","Cópia com conteúdo idêntico (SHA-256)"
"C:\Users\Eudes\Downloads\PDFs\CAPITULO 8 ARTIGO SOBRE QVT NA PMRN  P. 87 (1).pdf","C:\Users\Eudes\Downloads\PDFs\Sugestão de descarte\CAPITULO 8 ARTIGO SOBRE QVT NA PMRN  P. 87 (1).pdf","C:\Users\Eudes\Downloads\PDFs\CAPITULO 8 ARTIGO SOBRE QVT NA PMRN  P. 87.pdf","BEB207AA633C752225B6B54B88A5C54E94F90BE27893E34EE5C4B106BFC94C68","16325623","Cópia com conteúdo idêntico (SHA-256)"
"C:\Users\Eudes\Downloads\PDFs\Educação e leitura - Formar leitores, formando-se (2).pdf","C:\Users\Eudes\Downloads\PDFs\Sugestão de descarte\Educação e leitura - Formar leitores, formando-se (2).pdf","C:\Users\Eudes\Downloads\PDFs\Educação e leitura - Formar leitores, formando-se.pdf","E2516ECEA623A08E58B66A7A41687B3CB6153A5598C15600D5240B3A9FE5A1E4","32694980","Cópia com conteúdo idêntico (SHA-256)"
"C:\Users\Eudes\Downloads\Planilhas\mercadobitcoin_geral_2023_09_04_2024_16h49m.xlsm","C:\Users\Eudes\Downloads\Planilhas\Sugestão de descarte\mercadobitcoin_geral_2023_09_04_2024_16h49m.xlsm","C:\Users\Eudes\Downloads\Planilhas\mercadobitcoin_geral_2023_08_01_2024_15h37m.csv","2A31B158582ED4DA83835CF13928E847852088D94D3A494895200E3AA825F299","6751","Cópia com conteúdo idêntico (SHA-256)"
"C:\Users\Eudes\Downloads\Planilhas\ANIVERSARIANTES TRIMESTRAL OUT, NOV E DEZ. (2).xlsx","C:\Users\Eudes\Downloads\Planilhas\Sugestão de descarte\ANIVERSARIANTES TRIMESTRAL OUT, NOV E DEZ. (2).xlsx","C:\Users\Eudes\Downloads\Planilhas\ANIVERSARIANTES TRIMESTRAL OUT, NOV E DEZ..xlsx","1376910C32B53D768713930DE5EE44F892E243123B580951321EA7166969F59F","10258","Cópia com conteúdo idêntico (SHA-256)"
"C:\Users\Eudes\Downloads\Planilhas\ANIVERSARIANTES TRIMESTRAL OUT, NOV E DEZ. (1).xlsx","C:\Users\Eudes\Downloads\Planilhas\Sugestão de descarte\ANIVERSARIANTES TRIMESTRAL OUT, NOV E DEZ. (1).xlsx","C:\Users\Eudes\Downloads\Planilhas\ANIVERSARIANTES TRIMESTRAL OUT, NOV E DEZ..xlsx","1376910C32B53D768713930DE5EE44F892E243123B580951321EA7166969F59F","10258","Cópia com conteúdo idêntico (SHA-256)"
"C:\Users\Eudes\Downloads\Planilhas\2026_02_26_18_55_54 (1).csv","C:\Users\Eudes\Downloads\Planilhas\Sugestão de descarte\2026_02_26_18_55_54 (1).csv","C:\Users\Eudes\Downloads\Planilhas\2026_02_26_18_55_54.csv","EA93CC03766A6DE76E0BF2C06A6780F4FFDACC91037136FA1C5CED7EAA624BCF","17618","Cópia com conteúdo idêntico (SHA-256)"
"C:\Users\Eudes\Downloads\Planilhas\2026_02_26_18_55_54 (2).csv","C:\Users\Eudes\Downloads\Planilhas\Sugestão de descarte\2026_02_26_18_55_54 (2).csv","C:\Users\Eudes\Downloads\Planilhas\2026_02_26_18_55_54.csv","EA93CC03766A6DE76E0BF2C06A6780F4FFDACC91037136FA1C5CED7EAA624BCF","17618","Cópia com conteúdo idêntico (SHA-256)"
"C:\Users\Eudes\Downloads\Planilhas\2025_03_21_01_45_49 (1).csv","C:\Users\Eudes\Downloads\Planilhas\Sugestão de descarte\2025_03_21_01_45_49 (1).csv","C:\Users\Eudes\Downloads\Planilhas\2025_03_21_01_45_49.csv","BF86A0D85653D38457452C62804E35F5C6B3C806ACB77BF0F4A50E3790AD6951","54351","Cópia com conteúdo idêntico (SHA-256)"
"C:\Users\Eudes\Downloads\Planilhas\Orçamento de vendas (1).xlsx","C:\Users\Eudes\Downloads\Planilhas\Sugestão de descarte\Orçamento de vendas (1).xlsx","C:\Users\Eudes\Downloads\Planilhas\Orçamento de vendas.xlsx","F951758FCFF4498B0170616516AF768426906A3630FF11262FC9C7A01FE8263C","582243","Cópia com conteúdo idêntico (SHA-256)"
"C:\Users\Eudes\Downloads\Vídeos\Vídeo_Bíblico_Filhas_de_Zelofeade.mp4","C:\Users\Eudes\Downloads\Vídeos\Sugestão de descarte\Vídeo_Bíblico_Filhas_de_Zelofeade.mp4","C:\Users\Eudes\Downloads\Vídeos\Vídeo_Filhas_de_Zelofeade.mp4","12A42FE2B9512381202A8F43E338E5C35872161986ECC4F63C9DBDABB0B54D3B","1540476","Cópia com conteúdo idêntico (SHA-256)"
"C:\Users\Eudes\Downloads\Vídeos\Vídeo_Bíblico_Filhas_de_Zelofeade (1).mp4","C:\Users\Eudes\Downloads\Vídeos\Sugestão de descarte\Vídeo_Bíblico_Filhas_de_Zelofeade (1).mp4","C:\Users\Eudes\Downloads\Vídeos\Vídeo_Filhas_de_Zelofeade.mp4","12A42FE2B9512381202A8F43E338E5C35872161986ECC4F63C9DBDABB0B54D3B","1540476","Cópia com conteúdo idêntico (SHA-256)"
"C:\Users\Eudes\Downloads\Vídeos\acessar_vpn_sesed (1).mp4","C:\Users\Eudes\Downloads\Vídeos\Sugestão de descarte\acessar_vpn_sesed (1).mp4","C:\Users\Eudes\Downloads\Vídeos\acessar_vpn_sesed.mp4","A0DB4345C937FBC2BA4C1CEDFD12FCB674B10AC983D6F29D4D40592313455808","2872462","Cópia com conteúdo idêntico (SHA-256)"
